Month,Orders,Gross,SalesTax,Tips,Discounts,NetSales,CardTenders,CashTenders,OtherTenders
2024-01,1143,32491.64,2910.1,484.28,26.5,29097.26,21355.54,11136.1,0.0
2024-02,1827,54499.19,4848.23,782.04,15.75,48868.92,35604.79,18894.4,0.0
2024-03,1917,51349.27,4571.79,921.26,18.75,45856.22,34249.84,17068.63,30.8
2024-04,1925,52045.78,4656.14,678.37,441.25,46711.27,34024.53,18004.75,16.5
2024-05,2212,58835.74,5253.25,979.34,437.25,52603.15,38288.45,20547.29,0.0
2024-06,1519,43717.62,3885.54,944.12,96.75,38887.96,30845.32,12837.1,35.2
2024-07,1118,32741.35,2923.41,579.55,1.5,29238.39,22668.84,10072.51,0.0
2024-08,1863,53261.13,4747.89,1002.57,79.25,47510.67,34220.37,19022.89,17.87
2024-09,1720,48358.61,4307.28,942.94,29.25,43108.39,32295.35,16063.26,0.0
2024-10,2033,59183.34,5256.51,1291.57,80.0,52635.26,40003.01,19089.1,91.23
2024-11,1707,52085.15,4641.72,1010.37,95.25,46433.06,35722.06,16363.09,0.0
2024-12,1226,38646.95,3698.75,551.35,30.25,34396.85,27181.58,11465.37,0.0
2025-01,1633,46205.99,4605.55,944.95,55.5,40655.49,29708.79,16368.84,128.36
2025-02,1541,47706.07,4764.08,991.0,1.5,41950.99,32675.11,15030.96,0.0
2025-03,1955,60046.04,6007.17,1113.9,49.0,52924.97,41742.01,18304.03,0.0
2025-04,2111,62849.8,6301.44,1134.67,72.75,55413.69,43151.38,19698.42,0.0
2025-05,2256,64307.76,6440.24,1219.09,41.5,56648.43,41573.8,22733.96,0.0
2025-06,1808,50921.84,5082.19,1138.8,0.0,44700.85,33395.33,17509.8,16.71
2025-07,1585,46093.02,4559.9,1421.99,126.75,40111.13,30132.62,15873.52,86.88
2025-08,1995,57070.5,5614.37,2045.98,34.5,49410.15,38262.62,18757.76,50.12
2025-09,1845,53904.04,5336.09,1657.82,0.0,46910.13,36213.5,17690.54,0.0
2025-10,2124,70639.09,6988.56,2171.3,172.0,61479.23,50434.17,20121.39,83.53
2025-11,1459,47057.58,4647.25,1310.73,33.25,41099.6,32760.46,14297.12,0.0
2025-12,1225,37485.12,3654.92,1087.97,26.0,32742.23,26170.89,10829.37,484.86
2026-01,1063,30794.14,3023.63,1166.18,51.75,26604.33,20633.87,10130.2,30.07
2026-02,1740,54511.01,5316.12,2040.33,0.0,47154.56,39823.5,14687.51,0.0
2026-03,1929,56980.05,5412.48,1914.61,97.5,49652.96,39619.01,17361.04,0.0
2026-04,1987,58484.5,5615.23,2296.35,0.0,50572.92,41064.81,17419.69,0.0
2026-05,2015,62004.47,5991.1,2086.79,107.25,53926.58,41865.39,18185.63,1953.45
2026-06,1728,58010.31,5717.36,1910.11,62.0,50382.84,41110.37,16899.94,0.0
